[{"model": "db.latest", "pk": 1, "fields": {"series": "CURRENT", "updated": "2019-11-25T17:08:46.208Z"}}, {"model": "db.latest", "pk": 2, "fields": {"series": "PREVIOUS", "updated": "2019-11-25T17:08:46.287Z"}}, {"model": "db.getterrun", "pk": 1, "fields": {"datetime": "2019-11-25T17:08:45.935Z"}}, {"model": "db.sourcefile", "pk": 1, "fields": {"data": {"title": "Example grants", "issued": "2016-07-15", "license": "https://creativecommons.org/licenses/by/4.0/", "modified": "2018-08-03T10:26:34.000+0000", "publisher": {"logo": "http://www.example.com/uploads/Logo.png", "name": "The  publisher", "prefix": "360g-aiXie3nohf", "website": "http://www.example.com/"}, "identifier": "riT7Eifaig", "description": "The grans from Example", "distribution": [{"title": "Example", "accessURL": "http://www.example.com/this-campaign", "downloadURL": "http://example.com/example.xlsx"}], "license_name": "Creative Commons Attribution 4.0", "datagetter_metadata": {"json": "data/json_all/riT7Eifaig.json", "valid": true, "downloads": true, "file_size": 3359833, "file_type": "xlsx", "acceptable_license": true, "datetime_downloaded": "2019-07-03T10:11:39+00:00"}}, "getter_run": 1, "datagetter_data": {"json": "data/json_all/riT7Eifaig.json", "valid": true, "downloads": true, "file_size": 3359833, "file_type": "xlsx", "acceptable_license": true, "datetime_downloaded": "2019-07-03T10:11:39+00:00"}, "data_valid": true, "acceptable_license": true, "downloads": true, "latest": [1]}}, {"model": "db.sourcefile", "pk": 2, "fields": {"data": {"title": "Example grants", "issued": "2016-07-15", "license": "https://creativecommons.org/licenses/by/4.0/", "modified": "2018-08-03T10:26:34.000+0000", "publisher": {"logo": "http://www.example.com/uploads/Logo.png", "name": "The aic2leeW4o publisher", "prefix": "360g-egetu3pohP", "website": "http://www.example.com/"}, "identifier": "Oa8ait7muc", "description": "The grans from Example", "distribution": [{"title": "Example", "accessURL": "http://www.example.com/this-campaign", "downloadURL": "http://example.com/example.xlsx"}], "license_name": "Creative Commons Attribution 4.0", "datagetter_metadata": {"json": "data/json_all/Oa8ait7muc.json", "valid": true, "downloads": true, "file_size": 3359833, "file_type": "xlsx", "acceptable_license": true, "datetime_downloaded": "2019-07-03T10:11:39+00:00"}}, "getter_run": 1, "datagetter_data": {"json": "data/json_all/Oa8ait7muc.json", "valid": true, "downloads": true, "file_size": 3359833, "file_type": "xlsx", "acceptable_license": true, "datetime_downloaded": "2019-07-03T10:11:39+00:00"}, "data_valid": true, "acceptable_license": true, "downloads": true, "latest": [1]}}, {"model": "db.sourcefile", "pk": 3, "fields": {"data": {"title": "Example grants", "issued": "2016-07-15", "license": "https://creativecommons.org/licenses/by/4.0/", "modified": "2018-08-03T10:26:34.000+0000", "publisher": {"logo": "http://www.example.com/uploads/Logo.png", "name": "The Eigho0iixo publisher", "prefix": "360g-ahmah3EeTu", "website": "http://www.example.com/"}, "identifier": "eiF4WeeSh6", "description": "The grans from Example", "distribution": [{"title": "Example", "accessURL": "http://www.example.com/this-campaign", "downloadURL": "http://example.com/example.xlsx"}], "license_name": "Creative Commons Attribution 4.0", "datagetter_metadata": {"json": "data/json_all/eiF4WeeSh6.json", "valid": true, "downloads": true, "file_size": 3359833, "file_type": "xlsx", "acceptable_license": true, "datetime_downloaded": "2019-07-03T10:11:39+00:00"}}, "getter_run": 1, "datagetter_data": {"json": "data/json_all/eiF4WeeSh6.json", "valid": true, "downloads": true, "file_size": 3359833, "file_type": "xlsx", "acceptable_license": true, "datetime_downloaded": "2019-07-03T10:11:39+00:00"}, "data_valid": true, "acceptable_license": true, "downloads": true, "latest": [1]}}, {"model": "db.sourcefile", "pk": 4, "fields": {"data": {"title": "Example grants", "issued": "2016-07-15", "license": "https://creativecommons.org/licenses/by/4.0/", "modified": "2018-08-03T10:26:34.000+0000", "publisher": {"logo": "http://www.example.com/uploads/Logo.png", "name": "The quieMor1go publisher", "prefix": "360g-Feipu3eeph", "website": "http://www.example.com/"}, "identifier": "Phein8iabe", "description": "The grans from Example", "distribution": [{"title": "Example", "accessURL": "http://www.example.com/this-campaign", "downloadURL": "http://example.com/example.xlsx"}], "license_name": "Creative Commons Attribution 4.0", "datagetter_metadata": {"json": "data/json_all/Phein8iabe.json", "valid": true, "downloads": true, "file_size": 3359833, "file_type": "xlsx", "acceptable_license": true, "datetime_downloaded": "2019-07-03T10:11:39+00:00"}}, "getter_run": 1, "datagetter_data": {"json": "data/json_all/Phein8iabe.json", "valid": true, "downloads": true, "file_size": 3359833, "file_type": "xlsx", "acceptable_license": true, "datetime_downloaded": "2019-07-03T10:11:39+00:00"}, "data_valid": true, "acceptable_license": true, "downloads": true, "latest": [1]}}, {"model": "db.sourcefile", "pk": 5, "fields": {"data": {"title": "Example grants", "issued": "2016-07-15", "license": "https://creativecommons.org/licenses/by/4.0/", "modified": "2018-08-03T10:26:34.000+0000", "publisher": {"logo": "http://www.example.com/uploads/Logo.png", "name": "The shoobe1duH publisher", "prefix": "360g-Yeiphilai7", "website": "http://www.example.com/"}, "identifier": "EPe2quuP8o", "description": "The grans from Example", "distribution": [{"title": "Example", "accessURL": "http://www.example.com/this-campaign", "downloadURL": "http://example.com/example.xlsx"}], "license_name": "Creative Commons Attribution 4.0", "datagetter_metadata": {"json": "data/json_all/EPe2quuP8o.json", "valid": true, "downloads": true, "file_size": 3359833, "file_type": "xlsx", "acceptable_license": true, "datetime_downloaded": "2019-07-03T10:11:39+00:00"}}, "getter_run": 1, "datagetter_data": {"json": "data/json_all/EPe2quuP8o.json", "valid": true, "downloads": true, "file_size": 3359833, "file_type": "xlsx", "acceptable_license": true, "datetime_downloaded": "2019-07-03T10:11:39+00:00"}, "data_valid": true, "acceptable_license": true, "downloads": true, "latest": [1]}}, {"model": "db.sourcefile", "pk": 6, "fields": {"data": {"title": "Example grants", "issued": "2016-07-15", "license": "https://creativecommons.org/licenses/by/4.0/", "modified": "2018-08-03T10:26:34.000+0000", "publisher": {"logo": "http://www.example.com/uploads/Logo.png", "name": "The AhwaloNg6A publisher", "prefix": "360g-YaeWae5Koo", "website": "http://www.example.com/"}, "identifier": "Tha8ooX0ub", "description": "The grans from Example", "distribution": [{"title": "Example", "accessURL": "http://www.example.com/this-campaign", "downloadURL": "http://example.com/example.xlsx"}], "license_name": "Creative Commons Attribution 4.0", "datagetter_metadata": {"json": "data/json_all/Tha8ooX0ub.json", "valid": true, "downloads": true, "file_size": 3359833, "file_type": "xlsx", "acceptable_license": true, "datetime_downloaded": "2019-07-03T10:11:39+00:00"}}, "getter_run": 1, "datagetter_data": {"json": "data/json_all/Tha8ooX0ub.json", "valid": true, "downloads": true, "file_size": 3359833, "file_type": "xlsx", "acceptable_license": true, "datetime_downloaded": "2019-07-03T10:11:39+00:00"}, "data_valid": true, "acceptable_license": true, "downloads": true, "latest": [1]}}, {"model": "db.sourcefile", "pk": 7, "fields": {"data": {"title": "Example grants", "issued": "2016-07-15", "license": "https://creativecommons.org/licenses/by/4.0/", "modified": "2018-08-03T10:26:34.000+0000", "publisher": {"logo": "http://www.example.com/uploads/Logo.png", "name": "The ak5Fu1oath publisher", "prefix": "360g-ohboh8aiM4", "website": "http://www.example.com/"}, "identifier": "oopahCh0bo", "description": "The grans from Example", "distribution": [{"title": "Example", "accessURL": "http://www.example.com/this-campaign", "downloadURL": "http://example.com/example.xlsx"}], "license_name": "Creative Commons Attribution 4.0", "datagetter_metadata": {"json": "data/json_all/oopahCh0bo.json", "valid": true, "downloads": true, "file_size": 3359833, "file_type": "xlsx", "acceptable_license": true, "datetime_downloaded": "2019-07-03T10:11:39+00:00"}}, "getter_run": 1, "datagetter_data": {"json": "data/json_all/oopahCh0bo.json", "valid": true, "downloads": true, "file_size": 3359833, "file_type": "xlsx", "acceptable_license": true, "datetime_downloaded": "2019-07-03T10:11:39+00:00"}, "data_valid": true, "acceptable_license": true, "downloads": true, "latest": [1]}}, {"model": "db.sourcefile", "pk": 8, "fields": {"data": {"title": "Example grants", "issued": "2016-07-15", "license": "https://creativecommons.org/licenses/by/4.0/", "modified": "2018-08-03T10:26:34.000+0000", "publisher": {"logo": "http://www.example.com/uploads/Logo.png", "name": "The ruo3aeQuiN publisher", "prefix": "360g-Ugeix9Laet", "website": "http://www.example.com/"}, "identifier": "yee5ooPai7", "description": "The grans from Example", "distribution": [{"title": "Example", "accessURL": "http://www.example.com/this-campaign", "downloadURL": "http://example.com/example.xlsx"}], "license_name": "Creative Commons Attribution 4.0", "datagetter_metadata": {"json": "data/json_all/yee5ooPai7.json", "valid": true, "downloads": true, "file_size": 3359833, "file_type": "xlsx", "acceptable_license": true, "datetime_downloaded": "2019-07-03T10:11:39+00:00"}}, "getter_run": 1, "datagetter_data": {"json": "data/json_all/yee5ooPai7.json", "valid": true, "downloads": true, "file_size": 3359833, "file_type": "xlsx", "acceptable_license": true, "datetime_downloaded": "2019-07-03T10:11:39+00:00"}, "data_valid": true, "acceptable_license": true, "downloads": true, "latest": [1]}}, {"model": "db.sourcefile", "pk": 9, "fields": {"data": {"title": "Example grants", "issued": "2016-07-15", "license": "https://creativecommons.org/licenses/by/4.0/", "modified": "2018-08-03T10:26:34.000+0000", "publisher": {"logo": "http://www.example.com/uploads/Logo.png", "name": "The rephoo9ieN publisher", "prefix": "360g-iesaizah4E", "website": "http://www.example.com/"}, "identifier": "eo3oiX6xao", "description": "The grans from Example", "distribution": [{"title": "Example", "accessURL": "http://www.example.com/this-campaign", "downloadURL": "http://example.com/example.xlsx"}], "license_name": "Creative Commons Attribution 4.0", "datagetter_metadata": {"json": "data/json_all/eo3oiX6xao.json", "valid": true, "downloads": true, "file_size": 3359833, "file_type": "xlsx", "acceptable_license": true, "datetime_downloaded": "2019-07-03T10:11:39+00:00"}}, "getter_run": 1, "datagetter_data": {"json": "data/json_all/eo3oiX6xao.json", "valid": true, "downloads": true, "file_size": 3359833, "file_type": "xlsx", "acceptable_license": true, "datetime_downloaded": "2019-07-03T10:11:39+00:00"}, "data_valid": true, "acceptable_license": true, "downloads": true, "latest": [1]}}, {"model": "db.sourcefile", "pk": 10, "fields": {"data": {"title": "Example grants", "issued": "2016-07-15", "license": "https://creativecommons.org/licenses/by/4.0/", "modified": "2018-08-03T10:26:34.000+0000", "publisher": {"logo": "http://www.example.com/uploads/Logo.png", "name": "The wusu4pu7Ui publisher", "prefix": "360g-chai2uo6Ee", "website": "http://www.example.com/"}, "identifier": "Fodi9aesho", "description": "The grans from Example", "distribution": [{"title": "Example", "accessURL": "http://www.example.com/this-campaign", "downloadURL": "http://example.com/example.xlsx"}], "license_name": "Creative Commons Attribution 4.0", "datagetter_metadata": {"json": "data/json_all/Fodi9aesho.json", "valid": true, "downloads": true, "file_size": 3359833, "file_type": "xlsx", "acceptable_license": true, "datetime_downloaded": "2019-07-03T10:11:39+00:00"}}, "getter_run": 1, "datagetter_data": {"json": "data/json_all/Fodi9aesho.json", "valid": true, "downloads": true, "file_size": 3359833, "file_type": "xlsx", "acceptable_license": true, "datetime_downloaded": "2019-07-03T10:11:39+00:00"}, "data_valid": true, "acceptable_license": true, "downloads": true, "latest": [1]}}, {"model": "db.publisher", "pk": 1, "fields": {"data": {"logo": "http://www.example.com/uploads/Logo.png", "name": "The  publisher", "prefix": "360g-aiXie3nohf", "website": "http://www.example.com/"}, "getter_run": 1, "name": "The  publisher", "prefix": "360g-aiXie3nohf"}}, {"model": "db.publisher", "pk": 2, "fields": {"data": {"logo": "http://www.example.com/uploads/Logo.png", "name": "The aic2leeW4o publisher", "prefix": "360g-egetu3pohP", "website": "http://www.example.com/"}, "getter_run": 1, "name": "The aic2leeW4o publisher", "prefix": "360g-egetu3pohP"}}, {"model": "db.publisher", "pk": 3, "fields": {"data": {"logo": "http://www.example.com/uploads/Logo.png", "name": "The Eigho0iixo publisher", "prefix": "360g-ahmah3EeTu", "website": "http://www.example.com/"}, "getter_run": 1, "name": "The Eigho0iixo publisher", "prefix": "360g-ahmah3EeTu"}}, {"model": "db.publisher", "pk": 4, "fields": {"data": {"logo": "http://www.example.com/uploads/Logo.png", "name": "The quieMor1go publisher", "prefix": "360g-Feipu3eeph", "website": "http://www.example.com/"}, "getter_run": 1, "name": "The quieMor1go publisher", "prefix": "360g-Feipu3eeph"}}, {"model": "db.publisher", "pk": 5, "fields": {"data": {"logo": "http://www.example.com/uploads/Logo.png", "name": "The shoobe1duH publisher", "prefix": "360g-Yeiphilai7", "website": "http://www.example.com/"}, "getter_run": 1, "name": "The shoobe1duH publisher", "prefix": "360g-Yeiphilai7"}}, {"model": "db.publisher", "pk": 6, "fields": {"data": {"logo": "http://www.example.com/uploads/Logo.png", "name": "The AhwaloNg6A publisher", "prefix": "360g-YaeWae5Koo", "website": "http://www.example.com/"}, "getter_run": 1, "name": "The AhwaloNg6A publisher", "prefix": "360g-YaeWae5Koo"}}, {"model": "db.publisher", "pk": 7, "fields": {"data": {"logo": "http://www.example.com/uploads/Logo.png", "name": "The ak5Fu1oath publisher", "prefix": "360g-ohboh8aiM4", "website": "http://www.example.com/"}, "getter_run": 1, "name": "The ak5Fu1oath publisher", "prefix": "360g-ohboh8aiM4"}}, {"model": "db.publisher", "pk": 8, "fields": {"data": {"logo": "http://www.example.com/uploads/Logo.png", "name": "The ruo3aeQuiN publisher", "prefix": "360g-Ugeix9Laet", "website": "http://www.example.com/"}, "getter_run": 1, "name": "The ruo3aeQuiN publisher", "prefix": "360g-Ugeix9Laet"}}, {"model": "db.publisher", "pk": 9, "fields": {"data": {"logo": "http://www.example.com/uploads/Logo.png", "name": "The rephoo9ieN publisher", "prefix": "360g-iesaizah4E", "website": "http://www.example.com/"}, "getter_run": 1, "name": "The rephoo9ieN publisher", "prefix": "360g-iesaizah4E"}}, {"model": "db.publisher", "pk": 10, "fields": {"data": {"logo": "http://www.example.com/uploads/Logo.png", "name": "The wusu4pu7Ui publisher", "prefix": "360g-chai2uo6Ee", "website": "http://www.example.com/"}, "getter_run": 1, "name": "The wusu4pu7Ui publisher", "prefix": "360g-chai2uo6Ee"}}, {"model": "db.grant", "pk": 1, "fields": {"grant_id": "360G-ahw3ooVahp", "data": {"id": "360G-ahw3ooVahp", "title": "The Aiqu4kohk5 grant", "currency": "GBP", "awardDate": "2019-10-03T00:00:00+00:00", "description": "Example grant description", "dateModified": "2019-08-03T00:00:00Z", "fromOpenCall": "Yes", "plannedDates": [{"endDate": "2017-02-15", "duration": 4, "startDate": "2016-10-03"}], "amountAwarded": 160, "grantProgramme": [{"code": "00200200220", "title": "Example grants August 2019"}], "beneficiaryLocation": [{"name": "England; Scotland; Wales", "geoCode": "K02000001", "geoCodeType": "CTRY"}], "fundingOrganization": [{"id": "GB-example-b", "name": "Funding for examples", "id_and_name": "[\"Funding for examples\", \"GB-example-b\"]"}], "recipientOrganization": [{"id": "360G-example-a", "name": "Receive an example grant", "postalCode": "SW1 1AA", "id_and_name": "[\"Receive an example grant\", \"360G-example-a\"]", "streetAddress": "10 Downing street", "addressCountry": "United Kingdom", "addressLocality": "LONDON"}]}, "getter_run": 1, "publisher": 1, "source_file": 1, "latest": [1]}}, {"model": "db.grant", "pk": 2, "fields": {"grant_id": "360G-Iibo9quaek", "data": {"id": "360G-Iibo9quaek", "title": "The he6Itie0oo grant", "currency": "GBP", "awardDate": "2019-10-03T00:00:00+00:00", "description": "Example grant description", "dateModified": "2019-08-03T00:00:00Z", "fromOpenCall": "Yes", "plannedDates": [{"endDate": "2017-02-15", "duration": 4, "startDate": "2016-10-03"}], "amountAwarded": 444, "grantProgramme": [{"code": "00200200220", "title": "Example grants August 2019"}], "beneficiaryLocation": [{"name": "England; Scotland; Wales", "geoCode": "K02000001", "geoCodeType": "CTRY"}], "fundingOrganization": [{"id": "GB-example-b", "name": "Funding for examples", "id_and_name": "[\"Funding for examples\", \"GB-example-b\"]"}], "recipientOrganization": [{"id": "360G-example-a", "name": "Receive an example grant", "postalCode": "SW1 1AA", "id_and_name": "[\"Receive an example grant\", \"360G-example-a\"]", "streetAddress": "10 Downing street", "addressCountry": "United Kingdom", "addressLocality": "LONDON"}]}, "getter_run": 1, "publisher": 1, "source_file": 1, "latest": [1]}}, {"model": "db.grant", "pk": 3, "fields": {"grant_id": "360G-Ohsha4eel8", "data": {"id": "360G-Ohsha4eel8", "title": "The ga8aiVeipo grant", "currency": "GBP", "awardDate": "2019-10-03T00:00:00+00:00", "description": "Example grant description", "dateModified": "2019-08-03T00:00:00Z", "fromOpenCall": "Yes", "plannedDates": [{"endDate": "2017-02-15", "duration": 4, "startDate": "2016-10-03"}], "amountAwarded": 697, "grantProgramme": [{"code": "00200200220", "title": "Example grants August 2019"}], "beneficiaryLocation": [{"name": "England; Scotland; Wales", "geoCode": "K02000001", "geoCodeType": "CTRY"}], "fundingOrganization": [{"id": "GB-example-b", "name": "Funding for examples", "id_and_name": "[\"Funding for examples\", \"GB-example-b\"]"}], "recipientOrganization": [{"id": "360G-example-a", "name": "Receive an example grant", "postalCode": "SW1 1AA", "id_and_name": "[\"Receive an example grant\", \"360G-example-a\"]", "streetAddress": "10 Downing street", "addressCountry": "United Kingdom", "addressLocality": "LONDON"}]}, "getter_run": 1, "publisher": 1, "source_file": 1, "latest": [1]}}, {"model": "db.grant", "pk": 4, "fields": {"grant_id": "360G-Xaeb1uto9k", "data": {"id": "360G-Xaeb1uto9k", "title": "The aiVii5thei grant", "currency": "GBP", "awardDate": "2019-10-03T00:00:00+00:00", "description": "Example grant description", "dateModified": "2019-08-03T00:00:00Z", "fromOpenCall": "Yes", "plannedDates": [{"endDate": "2017-02-15", "duration": 4, "startDate": "2016-10-03"}], "amountAwarded": 632, "grantProgramme": [{"code": "00200200220", "title": "Example grants August 2019"}], "beneficiaryLocation": [{"name": "England; Scotland; Wales", "geoCode": "K02000001", "geoCodeType": "CTRY"}], "fundingOrganization": [{"id": "GB-example-b", "name": "Funding for examples", "id_and_name": "[\"Funding for examples\", \"GB-example-b\"]"}], "recipientOrganization": [{"id": "360G-example-a", "name": "Receive an example grant", "postalCode": "SW1 1AA", "id_and_name": "[\"Receive an example grant\", \"360G-example-a\"]", "streetAddress": "10 Downing street", "addressCountry": "United Kingdom", "addressLocality": "LONDON"}]}, "getter_run": 1, "publisher": 1, "source_file": 1, "latest": [1]}}, {"model": "db.grant", "pk": 5, "fields": {"grant_id": "360G-ieX3viGi5i", "data": {"id": "360G-ieX3viGi5i", "title": "The eiz0uat2Oo grant", "currency": "GBP", "awardDate": "2019-10-03T00:00:00+00:00", "description": "Example grant description", "dateModified": "2019-08-03T00:00:00Z", "fromOpenCall": "Yes", "plannedDates": [{"endDate": "2017-02-15", "duration": 4, "startDate": "2016-10-03"}], "amountAwarded": 706, "grantProgramme": [{"code": "00200200220", "title": "Example grants August 2019"}], "beneficiaryLocation": [{"name": "England; Scotland; Wales", "geoCode": "K02000001", "geoCodeType": "CTRY"}], "fundingOrganization": [{"id": "GB-example-b", "name": "Funding for examples", "id_and_name": "[\"Funding for examples\", \"GB-example-b\"]"}], "recipientOrganization": [{"id": "360G-example-a", "name": "Receive an example grant", "postalCode": "SW1 1AA", "id_and_name": "[\"Receive an example grant\", \"360G-example-a\"]", "streetAddress": "10 Downing street", "addressCountry": "United Kingdom", "addressLocality": "LONDON"}]}, "getter_run": 1, "publisher": 1, "source_file": 1, "latest": [1]}}, {"model": "db.grant", "pk": 6, "fields": {"grant_id": "360G-eengo9euN8", "data": {"id": "360G-eengo9euN8", "title": "The Cotiohai8e grant", "currency": "GBP", "awardDate": "2019-10-03T00:00:00+00:00", "description": "Example grant description", "dateModified": "2019-08-03T00:00:00Z", "fromOpenCall": "Yes", "plannedDates": [{"endDate": "2017-02-15", "duration": 4, "startDate": "2016-10-03"}], "amountAwarded": 396, "grantProgramme": [{"code": "00200200220", "title": "Example grants August 2019"}], "beneficiaryLocation": [{"name": "England; Scotland; Wales", "geoCode": "K02000001", "geoCodeType": "CTRY"}], "fundingOrganization": [{"id": "GB-example-b", "name": "Funding for examples", "id_and_name": "[\"Funding for examples\", \"GB-example-b\"]"}], "recipientOrganization": [{"id": "360G-example-a", "name": "Receive an example grant", "postalCode": "SW1 1AA", "id_and_name": "[\"Receive an example grant\", \"360G-example-a\"]", "streetAddress": "10 Downing street", "addressCountry": "United Kingdom", "addressLocality": "LONDON"}]}, "getter_run": 1, "publisher": 2, "source_file": 2, "latest": [1]}}, {"model": "db.grant", "pk": 7, "fields": {"grant_id": "360G-fau9Ocheig", "data": {"id": "360G-fau9Ocheig", "title": "The akierohJ3c grant", "currency": "GBP", "awardDate": "2019-10-03T00:00:00+00:00", "description": "Example grant description", "dateModified": "2019-08-03T00:00:00Z", "fromOpenCall": "Yes", "plannedDates": [{"endDate": "2017-02-15", "duration": 4, "startDate": "2016-10-03"}], "amountAwarded": 467, "grantProgramme": [{"code": "00200200220", "title": "Example grants August 2019"}], "beneficiaryLocation": [{"name": "England; Scotland; Wales", "geoCode": "K02000001", "geoCodeType": "CTRY"}], "fundingOrganization": [{"id": "GB-example-b", "name": "Funding for examples", "id_and_name": "[\"Funding for examples\", \"GB-example-b\"]"}], "recipientOrganization": [{"id": "360G-example-a", "name": "Receive an example grant", "postalCode": "SW1 1AA", "id_and_name": "[\"Receive an example grant\", \"360G-example-a\"]", "streetAddress": "10 Downing street", "addressCountry": "United Kingdom", "addressLocality": "LONDON"}]}, "getter_run": 1, "publisher": 2, "source_file": 2, "latest": [1]}}, {"model": "db.grant", "pk": 8, "fields": {"grant_id": "360G-Ohqu9ah8if", "data": {"id": "360G-Ohqu9ah8if", "title": "The ai4Eib7ood grant", "currency": "GBP", "awardDate": "2019-10-03T00:00:00+00:00", "description": "Example grant description", "dateModified": "2019-08-03T00:00:00Z", "fromOpenCall": "Yes", "plannedDates": [{"endDate": "2017-02-15", "duration": 4, "startDate": "2016-10-03"}], "amountAwarded": 784, "grantProgramme": [{"code": "00200200220", "title": "Example grants August 2019"}], "beneficiaryLocation": [{"name": "England; Scotland; Wales", "geoCode": "K02000001", "geoCodeType": "CTRY"}], "fundingOrganization": [{"id": "GB-example-b", "name": "Funding for examples", "id_and_name": "[\"Funding for examples\", \"GB-example-b\"]"}], "recipientOrganization": [{"id": "360G-example-a", "name": "Receive an example grant", "postalCode": "SW1 1AA", "id_and_name": "[\"Receive an example grant\", \"360G-example-a\"]", "streetAddress": "10 Downing street", "addressCountry": "United Kingdom", "addressLocality": "LONDON"}]}, "getter_run": 1, "publisher": 2, "source_file": 2, "latest": [1]}}, {"model": "db.grant", "pk": 9, "fields": {"grant_id": "360G-ahp9aaF3zo", "data": {"id": "360G-ahp9aaF3zo", "title": "The Che8taiv6s grant", "currency": "GBP", "awardDate": "2019-10-03T00:00:00+00:00", "description": "Example grant description", "dateModified": "2019-08-03T00:00:00Z", "fromOpenCall": "Yes", "plannedDates": [{"endDate": "2017-02-15", "duration": 4, "startDate": "2016-10-03"}], "amountAwarded": 984, "grantProgramme": [{"code": "00200200220", "title": "Example grants August 2019"}], "beneficiaryLocation": [{"name": "England; Scotland; Wales", "geoCode": "K02000001", "geoCodeType": "CTRY"}], "fundingOrganization": [{"id": "GB-example-b", "name": "Funding for examples", "id_and_name": "[\"Funding for examples\", \"GB-example-b\"]"}], "recipientOrganization": [{"id": "360G-example-a", "name": "Receive an example grant", "postalCode": "SW1 1AA", "id_and_name": "[\"Receive an example grant\", \"360G-example-a\"]", "streetAddress": "10 Downing street", "addressCountry": "United Kingdom", "addressLocality": "LONDON"}]}, "getter_run": 1, "publisher": 2, "source_file": 2, "latest": [1]}}, {"model": "db.grant", "pk": 10, "fields": {"grant_id": "360G-IXae3cee8o", "data": {"id": "360G-IXae3cee8o", "title": "The hiquiNgai1 grant", "currency": "GBP", "awardDate": "2019-10-03T00:00:00+00:00", "description": "Example grant description", "dateModified": "2019-08-03T00:00:00Z", "fromOpenCall": "Yes", "plannedDates": [{"endDate": "2017-02-15", "duration": 4, "startDate": "2016-10-03"}], "amountAwarded": 724, "grantProgramme": [{"code": "00200200220", "title": "Example grants August 2019"}], "beneficiaryLocation": [{"name": "England; Scotland; Wales", "geoCode": "K02000001", "geoCodeType": "CTRY"}], "fundingOrganization": [{"id": "GB-example-b", "name": "Funding for examples", "id_and_name": "[\"Funding for examples\", \"GB-example-b\"]"}], "recipientOrganization": [{"id": "360G-example-a", "name": "Receive an example grant", "postalCode": "SW1 1AA", "id_and_name": "[\"Receive an example grant\", \"360G-example-a\"]", "streetAddress": "10 Downing street", "addressCountry": "United Kingdom", "addressLocality": "LONDON"}]}, "getter_run": 1, "publisher": 2, "source_file": 2, "latest": [1]}}, {"model": "db.grant", "pk": 11, "fields": {"grant_id": "360G-ieT6oow5ee", "data": {"id": "360G-ieT6oow5ee", "title": "The jeesaiM3Mu grant", "currency": "GBP", "awardDate": "2019-10-03T00:00:00+00:00", "description": "Example grant description", "dateModified": "2019-08-03T00:00:00Z", "fromOpenCall": "Yes", "plannedDates": [{"endDate": "2017-02-15", "duration": 4, "startDate": "2016-10-03"}], "amountAwarded": 313, "grantProgramme": [{"code": "00200200220", "title": "Example grants August 2019"}], "beneficiaryLocation": [{"name": "England; Scotland; Wales", "geoCode": "K02000001", "geoCodeType": "CTRY"}], "fundingOrganization": [{"id": "GB-example-b", "name": "Funding for examples", "id_and_name": "[\"Funding for examples\", \"GB-example-b\"]"}], "recipientOrganization": [{"id": "360G-example-a", "name": "Receive an example grant", "postalCode": "SW1 1AA", "id_and_name": "[\"Receive an example grant\", \"360G-example-a\"]", "streetAddress": "10 Downing street", "addressCountry": "United Kingdom", "addressLocality": "LONDON"}]}, "getter_run": 1, "publisher": 3, "source_file": 3, "latest": [1]}}, {"model": "db.grant", "pk": 12, "fields": {"grant_id": "360G-ohbi7IeChu", "data": {"id": "360G-ohbi7IeChu", "title": "The nu4quaihoZ grant", "currency": "GBP", "awardDate": "2019-10-03T00:00:00+00:00", "description": "Example grant description", "dateModified": "2019-08-03T00:00:00Z", "fromOpenCall": "Yes", "plannedDates": [{"endDate": "2017-02-15", "duration": 4, "startDate": "2016-10-03"}], "amountAwarded": 92, "grantProgramme": [{"code": "00200200220", "title": "Example grants August 2019"}], "beneficiaryLocation": [{"name": "England; Scotland; Wales", "geoCode": "K02000001", "geoCodeType": "CTRY"}], "fundingOrganization": [{"id": "GB-example-b", "name": "Funding for examples", "id_and_name": "[\"Funding for examples\", \"GB-example-b\"]"}], "recipientOrganization": [{"id": "360G-example-a", "name": "Receive an example grant", "postalCode": "SW1 1AA", "id_and_name": "[\"Receive an example grant\", \"360G-example-a\"]", "streetAddress": "10 Downing street", "addressCountry": "United Kingdom", "addressLocality": "LONDON"}]}, "getter_run": 1, "publisher": 3, "source_file": 3, "latest": [1]}}, {"model": "db.grant", "pk": 13, "fields": {"grant_id": "360G-BeeX0jogee", "data": {"id": "360G-BeeX0jogee", "title": "The Kaesoh6Ahf grant", "currency": "GBP", "awardDate": "2019-10-03T00:00:00+00:00", "description": "Example grant description", "dateModified": "2019-08-03T00:00:00Z", "fromOpenCall": "Yes", "plannedDates": [{"endDate": "2017-02-15", "duration": 4, "startDate": "2016-10-03"}], "amountAwarded": 182, "grantProgramme": [{"code": "00200200220", "title": "Example grants August 2019"}], "beneficiaryLocation": [{"name": "England; Scotland; Wales", "geoCode": "K02000001", "geoCodeType": "CTRY"}], "fundingOrganization": [{"id": "GB-example-b", "name": "Funding for examples", "id_and_name": "[\"Funding for examples\", \"GB-example-b\"]"}], "recipientOrganization": [{"id": "360G-example-a", "name": "Receive an example grant", "postalCode": "SW1 1AA", "id_and_name": "[\"Receive an example grant\", \"360G-example-a\"]", "streetAddress": "10 Downing street", "addressCountry": "United Kingdom", "addressLocality": "LONDON"}]}, "getter_run": 1, "publisher": 3, "source_file": 3, "latest": [1]}}, {"model": "db.grant", "pk": 14, "fields": {"grant_id": "360G-peig9tee4A", "data": {"id": "360G-peig9tee4A", "title": "The bulo2Ikaed grant", "currency": "GBP", "awardDate": "2019-10-03T00:00:00+00:00", "description": "Example grant description", "dateModified": "2019-08-03T00:00:00Z", "fromOpenCall": "Yes", "plannedDates": [{"endDate": "2017-02-15", "duration": 4, "startDate": "2016-10-03"}], "amountAwarded": 171, "grantProgramme": [{"code": "00200200220", "title": "Example grants August 2019"}], "beneficiaryLocation": [{"name": "England; Scotland; Wales", "geoCode": "K02000001", "geoCodeType": "CTRY"}], "fundingOrganization": [{"id": "GB-example-b", "name": "Funding for examples", "id_and_name": "[\"Funding for examples\", \"GB-example-b\"]"}], "recipientOrganization": [{"id": "360G-example-a", "name": "Receive an example grant", "postalCode": "SW1 1AA", "id_and_name": "[\"Receive an example grant\", \"360G-example-a\"]", "streetAddress": "10 Downing street", "addressCountry": "United Kingdom", "addressLocality": "LONDON"}]}, "getter_run": 1, "publisher": 3, "source_file": 3, "latest": [1]}}, {"model": "db.grant", "pk": 15, "fields": {"grant_id": "360G-buu0eetohY", "data": {"id": "360G-buu0eetohY", "title": "The na3Atar1og grant", "currency": "GBP", "awardDate": "2019-10-03T00:00:00+00:00", "description": "Example grant description", "dateModified": "2019-08-03T00:00:00Z", "fromOpenCall": "Yes", "plannedDates": [{"endDate": "2017-02-15", "duration": 4, "startDate": "2016-10-03"}], "amountAwarded": 583, "grantProgramme": [{"code": "00200200220", "title": "Example grants August 2019"}], "beneficiaryLocation": [{"name": "England; Scotland; Wales", "geoCode": "K02000001", "geoCodeType": "CTRY"}], "fundingOrganization": [{"id": "GB-example-b", "name": "Funding for examples", "id_and_name": "[\"Funding for examples\", \"GB-example-b\"]"}], "recipientOrganization": [{"id": "360G-example-a", "name": "Receive an example grant", "postalCode": "SW1 1AA", "id_and_name": "[\"Receive an example grant\", \"360G-example-a\"]", "streetAddress": "10 Downing street", "addressCountry": "United Kingdom", "addressLocality": "LONDON"}]}, "getter_run": 1, "publisher": 3, "source_file": 3, "latest": [1]}}, {"model": "db.grant", "pk": 16, "fields": {"grant_id": "360G-aefah6Shoo", "data": {"id": "360G-aefah6Shoo", "title": "The toh6inae3S grant", "currency": "GBP", "awardDate": "2019-10-03T00:00:00+00:00", "description": "Example grant description", "dateModified": "2019-08-03T00:00:00Z", "fromOpenCall": "Yes", "plannedDates": [{"endDate": "2017-02-15", "duration": 4, "startDate": "2016-10-03"}], "amountAwarded": 791, "grantProgramme": [{"code": "00200200220", "title": "Example grants August 2019"}], "beneficiaryLocation": [{"name": "England; Scotland; Wales", "geoCode": "K02000001", "geoCodeType": "CTRY"}], "fundingOrganization": [{"id": "GB-example-b", "name": "Funding for examples", "id_and_name": "[\"Funding for examples\", \"GB-example-b\"]"}], "recipientOrganization": [{"id": "360G-example-a", "name": "Receive an example grant", "postalCode": "SW1 1AA", "id_and_name": "[\"Receive an example grant\", \"360G-example-a\"]", "streetAddress": "10 Downing street", "addressCountry": "United Kingdom", "addressLocality": "LONDON"}]}, "getter_run": 1, "publisher": 4, "source_file": 4, "latest": [1]}}, {"model": "db.grant", "pk": 17, "fields": {"grant_id": "360G-oomaik5ICe", "data": {"id": "360G-oomaik5ICe", "title": "The ailil6lohD grant", "currency": "GBP", "awardDate": "2019-10-03T00:00:00+00:00", "description": "Example grant description", "dateModified": "2019-08-03T00:00:00Z", "fromOpenCall": "Yes", "plannedDates": [{"endDate": "2017-02-15", "duration": 4, "startDate": "2016-10-03"}], "amountAwarded": 27, "grantProgramme": [{"code": "00200200220", "title": "Example grants August 2019"}], "beneficiaryLocation": [{"name": "England; Scotland; Wales", "geoCode": "K02000001", "geoCodeType": "CTRY"}], "fundingOrganization": [{"id": "GB-example-b", "name": "Funding for examples", "id_and_name": "[\"Funding for examples\", \"GB-example-b\"]"}], "recipientOrganization": [{"id": "360G-example-a", "name": "Receive an example grant", "postalCode": "SW1 1AA", "id_and_name": "[\"Receive an example grant\", \"360G-example-a\"]", "streetAddress": "10 Downing street", "addressCountry": "United Kingdom", "addressLocality": "LONDON"}]}, "getter_run": 1, "publisher": 4, "source_file": 4, "latest": [1]}}, {"model": "db.grant", "pk": 18, "fields": {"grant_id": "360G-peu7KahKez", "data": {"id": "360G-peu7KahKez", "title": "The Queib7Esoo grant", "currency": "GBP", "awardDate": "2019-10-03T00:00:00+00:00", "description": "Example grant description", "dateModified": "2019-08-03T00:00:00Z", "fromOpenCall": "Yes", "plannedDates": [{"endDate": "2017-02-15", "duration": 4, "startDate": "2016-10-03"}], "amountAwarded": 239, "grantProgramme": [{"code": "00200200220", "title": "Example grants August 2019"}], "beneficiaryLocation": [{"name": "England; Scotland; Wales", "geoCode": "K02000001", "geoCodeType": "CTRY"}], "fundingOrganization": [{"id": "GB-example-b", "name": "Funding for examples", "id_and_name": "[\"Funding for examples\", \"GB-example-b\"]"}], "recipientOrganization": [{"id": "360G-example-a", "name": "Receive an example grant", "postalCode": "SW1 1AA", "id_and_name": "[\"Receive an example grant\", \"360G-example-a\"]", "streetAddress": "10 Downing street", "addressCountry": "United Kingdom", "addressLocality": "LONDON"}]}, "getter_run": 1, "publisher": 4, "source_file": 4, "latest": [1]}}, {"model": "db.grant", "pk": 19, "fields": {"grant_id": "360G-bee8Cuupun", "data": {"id": "360G-bee8Cuupun", "title": "The sai1Phi4Ge grant", "currency": "GBP", "awardDate": "2019-10-03T00:00:00+00:00", "description": "Example grant description", "dateModified": "2019-08-03T00:00:00Z", "fromOpenCall": "Yes", "plannedDates": [{"endDate": "2017-02-15", "duration": 4, "startDate": "2016-10-03"}], "amountAwarded": 637, "grantProgramme": [{"code": "00200200220", "title": "Example grants August 2019"}], "beneficiaryLocation": [{"name": "England; Scotland; Wales", "geoCode": "K02000001", "geoCodeType": "CTRY"}], "fundingOrganization": [{"id": "GB-example-b", "name": "Funding for examples", "id_and_name": "[\"Funding for examples\", \"GB-example-b\"]"}], "recipientOrganization": [{"id": "360G-example-a", "name": "Receive an example grant", "postalCode": "SW1 1AA", "id_and_name": "[\"Receive an example grant\", \"360G-example-a\"]", "streetAddress": "10 Downing street", "addressCountry": "United Kingdom", "addressLocality": "LONDON"}]}, "getter_run": 1, "publisher": 4, "source_file": 4, "latest": [1]}}, {"model": "db.grant", "pk": 20, "fields": {"grant_id": "360G-shahdei2Ae", "data": {"id": "360G-shahdei2Ae", "title": "The Aengughee1 grant", "currency": "GBP", "awardDate": "2019-10-03T00:00:00+00:00", "description": "Example grant description", "dateModified": "2019-08-03T00:00:00Z", "fromOpenCall": "Yes", "plannedDates": [{"endDate": "2017-02-15", "duration": 4, "startDate": "2016-10-03"}], "amountAwarded": 891, "grantProgramme": [{"code": "00200200220", "title": "Example grants August 2019"}], "beneficiaryLocation": [{"name": "England; Scotland; Wales", "geoCode": "K02000001", "geoCodeType": "CTRY"}], "fundingOrganization": [{"id": "GB-example-b", "name": "Funding for examples", "id_and_name": "[\"Funding for examples\", \"GB-example-b\"]"}], "recipientOrganization": [{"id": "360G-example-a", "name": "Receive an example grant", "postalCode": "SW1 1AA", "id_and_name": "[\"Receive an example grant\", \"360G-example-a\"]", "streetAddress": "10 Downing street", "addressCountry": "United Kingdom", "addressLocality": "LONDON"}]}, "getter_run": 1, "publisher": 4, "source_file": 4, "latest": [1]}}, {"model": "db.grant", "pk": 21, "fields": {"grant_id": "360G-auGai5Aira", "data": {"id": "360G-auGai5Aira", "title": "The gaiNg5nah1 grant", "currency": "GBP", "awardDate": "2019-10-03T00:00:00+00:00", "description": "Example grant description", "dateModified": "2019-08-03T00:00:00Z", "fromOpenCall": "Yes", "plannedDates": [{"endDate": "2017-02-15", "duration": 4, "startDate": "2016-10-03"}], "amountAwarded": 948, "grantProgramme": [{"code": "00200200220", "title": "Example grants August 2019"}], "beneficiaryLocation": [{"name": "England; Scotland; Wales", "geoCode": "K02000001", "geoCodeType": "CTRY"}], "fundingOrganization": [{"id": "GB-example-b", "name": "Funding for examples", "id_and_name": "[\"Funding for examples\", \"GB-example-b\"]"}], "recipientOrganization": [{"id": "360G-example-a", "name": "Receive an example grant", "postalCode": "SW1 1AA", "id_and_name": "[\"Receive an example grant\", \"360G-example-a\"]", "streetAddress": "10 Downing street", "addressCountry": "United Kingdom", "addressLocality": "LONDON"}]}, "getter_run": 1, "publisher": 5, "source_file": 5, "latest": [1]}}, {"model": "db.grant", "pk": 22, "fields": {"grant_id": "360G-aekah5Iefa", "data": {"id": "360G-aekah5Iefa", "title": "The haSh9Gei7A grant", "currency": "GBP", "awardDate": "2019-10-03T00:00:00+00:00", "description": "Example grant description", "dateModified": "2019-08-03T00:00:00Z", "fromOpenCall": "Yes", "plannedDates": [{"endDate": "2017-02-15", "duration": 4, "startDate": "2016-10-03"}], "amountAwarded": 926, "grantProgramme": [{"code": "00200200220", "title": "Example grants August 2019"}], "beneficiaryLocation": [{"name": "England; Scotland; Wales", "geoCode": "K02000001", "geoCodeType": "CTRY"}], "fundingOrganization": [{"id": "GB-example-b", "name": "Funding for examples", "id_and_name": "[\"Funding for examples\", \"GB-example-b\"]"}], "recipientOrganization": [{"id": "360G-example-a", "name": "Receive an example grant", "postalCode": "SW1 1AA", "id_and_name": "[\"Receive an example grant\", \"360G-example-a\"]", "streetAddress": "10 Downing street", "addressCountry": "United Kingdom", "addressLocality": "LONDON"}]}, "getter_run": 1, "publisher": 5, "source_file": 5, "latest": [1]}}, {"model": "db.grant", "pk": 23, "fields": {"grant_id": "360G-fohwe1Ahco", "data": {"id": "360G-fohwe1Ahco", "title": "The vaXae7ieCh grant", "currency": "GBP", "awardDate": "2019-10-03T00:00:00+00:00", "description": "Example grant description", "dateModified": "2019-08-03T00:00:00Z", "fromOpenCall": "Yes", "plannedDates": [{"endDate": "2017-02-15", "duration": 4, "startDate": "2016-10-03"}], "amountAwarded": 774, "grantProgramme": [{"code": "00200200220", "title": "Example grants August 2019"}], "beneficiaryLocation": [{"name": "England; Scotland; Wales", "geoCode": "K02000001", "geoCodeType": "CTRY"}], "fundingOrganization": [{"id": "GB-example-b", "name": "Funding for examples", "id_and_name": "[\"Funding for examples\", \"GB-example-b\"]"}], "recipientOrganization": [{"id": "360G-example-a", "name": "Receive an example grant", "postalCode": "SW1 1AA", "id_and_name": "[\"Receive an example grant\", \"360G-example-a\"]", "streetAddress": "10 Downing street", "addressCountry": "United Kingdom", "addressLocality": "LONDON"}]}, "getter_run": 1, "publisher": 5, "source_file": 5, "latest": [1]}}, {"model": "db.grant", "pk": 24, "fields": {"grant_id": "360G-Uz9uowae2u", "data": {"id": "360G-Uz9uowae2u", "title": "The OolohyeeS1 grant", "currency": "GBP", "awardDate": "2019-10-03T00:00:00+00:00", "description": "Example grant description", "dateModified": "2019-08-03T00:00:00Z", "fromOpenCall": "Yes", "plannedDates": [{"endDate": "2017-02-15", "duration": 4, "startDate": "2016-10-03"}], "amountAwarded": 58, "grantProgramme": [{"code": "00200200220", "title": "Example grants August 2019"}], "beneficiaryLocation": [{"name": "England; Scotland; Wales", "geoCode": "K02000001", "geoCodeType": "CTRY"}], "fundingOrganization": [{"id": "GB-example-b", "name": "Funding for examples", "id_and_name": "[\"Funding for examples\", \"GB-example-b\"]"}], "recipientOrganization": [{"id": "360G-example-a", "name": "Receive an example grant", "postalCode": "SW1 1AA", "id_and_name": "[\"Receive an example grant\", \"360G-example-a\"]", "streetAddress": "10 Downing street", "addressCountry": "United Kingdom", "addressLocality": "LONDON"}]}, "getter_run": 1, "publisher": 5, "source_file": 5, "latest": [1]}}, {"model": "db.grant", "pk": 25, "fields": {"grant_id": "360G-ko0Fayoh7a", "data": {"id": "360G-ko0Fayoh7a", "title": "The lushee6SoY grant", "currency": "GBP", "awardDate": "2019-10-03T00:00:00+00:00", "description": "Example grant description", "dateModified": "2019-08-03T00:00:00Z", "fromOpenCall": "Yes", "plannedDates": [{"endDate": "2017-02-15", "duration": 4, "startDate": "2016-10-03"}], "amountAwarded": 657, "grantProgramme": [{"code": "00200200220", "title": "Example grants August 2019"}], "beneficiaryLocation": [{"name": "England; Scotland; Wales", "geoCode": "K02000001", "geoCodeType": "CTRY"}], "fundingOrganization": [{"id": "GB-example-b", "name": "Funding for examples", "id_and_name": "[\"Funding for examples\", \"GB-example-b\"]"}], "recipientOrganization": [{"id": "360G-example-a", "name": "Receive an example grant", "postalCode": "SW1 1AA", "id_and_name": "[\"Receive an example grant\", \"360G-example-a\"]", "streetAddress": "10 Downing street", "addressCountry": "United Kingdom", "addressLocality": "LONDON"}]}, "getter_run": 1, "publisher": 5, "source_file": 5, "latest": [1]}}, {"model": "db.grant", "pk": 26, "fields": {"grant_id": "360G-ie7Xe1haiw", "data": {"id": "360G-ie7Xe1haiw", "title": "The Aa6shie6co grant", "currency": "GBP", "awardDate": "2019-10-03T00:00:00+00:00", "description": "Example grant description", "dateModified": "2019-08-03T00:00:00Z", "fromOpenCall": "Yes", "plannedDates": [{"endDate": "2017-02-15", "duration": 4, "startDate": "2016-10-03"}], "amountAwarded": 538, "grantProgramme": [{"code": "00200200220", "title": "Example grants August 2019"}], "beneficiaryLocation": [{"name": "England; Scotland; Wales", "geoCode": "K02000001", "geoCodeType": "CTRY"}], "fundingOrganization": [{"id": "GB-example-b", "name": "Funding for examples", "id_and_name": "[\"Funding for examples\", \"GB-example-b\"]"}], "recipientOrganization": [{"id": "360G-example-a", "name": "Receive an example grant", "postalCode": "SW1 1AA", "id_and_name": "[\"Receive an example grant\", \"360G-example-a\"]", "streetAddress": "10 Downing street", "addressCountry": "United Kingdom", "addressLocality": "LONDON"}]}, "getter_run": 1, "publisher": 6, "source_file": 6, "latest": [1]}}, {"model": "db.grant", "pk": 27, "fields": {"grant_id": "360G-voo4sho6El", "data": {"id": "360G-voo4sho6El", "title": "The Ohgei9uiGh grant", "currency": "GBP", "awardDate": "2019-10-03T00:00:00+00:00", "description": "Example grant description", "dateModified": "2019-08-03T00:00:00Z", "fromOpenCall": "Yes", "plannedDates": [{"endDate": "2017-02-15", "duration": 4, "startDate": "2016-10-03"}], "amountAwarded": 354, "grantProgramme": [{"code": "00200200220", "title": "Example grants August 2019"}], "beneficiaryLocation": [{"name": "England; Scotland; Wales", "geoCode": "K02000001", "geoCodeType": "CTRY"}], "fundingOrganization": [{"id": "GB-example-b", "name": "Funding for examples", "id_and_name": "[\"Funding for examples\", \"GB-example-b\"]"}], "recipientOrganization": [{"id": "360G-example-a", "name": "Receive an example grant", "postalCode": "SW1 1AA", "id_and_name": "[\"Receive an example grant\", \"360G-example-a\"]", "streetAddress": "10 Downing street", "addressCountry": "United Kingdom", "addressLocality": "LONDON"}]}, "getter_run": 1, "publisher": 6, "source_file": 6, "latest": [1]}}, {"model": "db.grant", "pk": 28, "fields": {"grant_id": "360G-adee1EHuex", "data": {"id": "360G-adee1EHuex", "title": "The ue7Mei7Oon grant", "currency": "GBP", "awardDate": "2019-10-03T00:00:00+00:00", "description": "Example grant description", "dateModified": "2019-08-03T00:00:00Z", "fromOpenCall": "Yes", "plannedDates": [{"endDate": "2017-02-15", "duration": 4, "startDate": "2016-10-03"}], "amountAwarded": 33, "grantProgramme": [{"code": "00200200220", "title": "Example grants August 2019"}], "beneficiaryLocation": [{"name": "England; Scotland; Wales", "geoCode": "K02000001", "geoCodeType": "CTRY"}], "fundingOrganization": [{"id": "GB-example-b", "name": "Funding for examples", "id_and_name": "[\"Funding for examples\", \"GB-example-b\"]"}], "recipientOrganization": [{"id": "360G-example-a", "name": "Receive an example grant", "postalCode": "SW1 1AA", "id_and_name": "[\"Receive an example grant\", \"360G-example-a\"]", "streetAddress": "10 Downing street", "addressCountry": "United Kingdom", "addressLocality": "LONDON"}]}, "getter_run": 1, "publisher": 6, "source_file": 6, "latest": [1]}}, {"model": "db.grant", "pk": 29, "fields": {"grant_id": "360G-Eexu3raWee", "data": {"id": "360G-Eexu3raWee", "title": "The ja9peif5Ce grant", "currency": "GBP", "awardDate": "2019-10-03T00:00:00+00:00", "description": "Example grant description", "dateModified": "2019-08-03T00:00:00Z", "fromOpenCall": "Yes", "plannedDates": [{"endDate": "2017-02-15", "duration": 4, "startDate": "2016-10-03"}], "amountAwarded": 885, "grantProgramme": [{"code": "00200200220", "title": "Example grants August 2019"}], "beneficiaryLocation": [{"name": "England; Scotland; Wales", "geoCode": "K02000001", "geoCodeType": "CTRY"}], "fundingOrganization": [{"id": "GB-example-b", "name": "Funding for examples", "id_and_name": "[\"Funding for examples\", \"GB-example-b\"]"}], "recipientOrganization": [{"id": "360G-example-a", "name": "Receive an example grant", "postalCode": "SW1 1AA", "id_and_name": "[\"Receive an example grant\", \"360G-example-a\"]", "streetAddress": "10 Downing street", "addressCountry": "United Kingdom", "addressLocality": "LONDON"}]}, "getter_run": 1, "publisher": 6, "source_file": 6, "latest": [1]}}, {"model": "db.grant", "pk": 30, "fields": {"grant_id": "360G-Roa7quohqu", "data": {"id": "360G-Roa7quohqu", "title": "The Zu9eemio3z grant", "currency": "GBP", "awardDate": "2019-10-03T00:00:00+00:00", "description": "Example grant description", "dateModified": "2019-08-03T00:00:00Z", "fromOpenCall": "Yes", "plannedDates": [{"endDate": "2017-02-15", "duration": 4, "startDate": "2016-10-03"}], "amountAwarded": 140, "grantProgramme": [{"code": "00200200220", "title": "Example grants August 2019"}], "beneficiaryLocation": [{"name": "England; Scotland; Wales", "geoCode": "K02000001", "geoCodeType": "CTRY"}], "fundingOrganization": [{"id": "GB-example-b", "name": "Funding for examples", "id_and_name": "[\"Funding for examples\", \"GB-example-b\"]"}], "recipientOrganization": [{"id": "360G-example-a", "name": "Receive an example grant", "postalCode": "SW1 1AA", "id_and_name": "[\"Receive an example grant\", \"360G-example-a\"]", "streetAddress": "10 Downing street", "addressCountry": "United Kingdom", "addressLocality": "LONDON"}]}, "getter_run": 1, "publisher": 6, "source_file": 6, "latest": [1]}}, {"model": "db.grant", "pk": 31, "fields": {"grant_id": "360G-di7oXaePh9", "data": {"id": "360G-di7oXaePh9", "title": "The Iegheejae2 grant", "currency": "GBP", "awardDate": "2019-10-03T00:00:00+00:00", "description": "Example grant description", "dateModified": "2019-08-03T00:00:00Z", "fromOpenCall": "Yes", "plannedDates": [{"endDate": "2017-02-15", "duration": 4, "startDate": "2016-10-03"}], "amountAwarded": 323, "grantProgramme": [{"code": "00200200220", "title": "Example grants August 2019"}], "beneficiaryLocation": [{"name": "England; Scotland; Wales", "geoCode": "K02000001", "geoCodeType": "CTRY"}], "fundingOrganization": [{"id": "GB-example-b", "name": "Funding for examples", "id_and_name": "[\"Funding for examples\", \"GB-example-b\"]"}], "recipientOrganization": [{"id": "360G-example-a", "name": "Receive an example grant", "postalCode": "SW1 1AA", "id_and_name": "[\"Receive an example grant\", \"360G-example-a\"]", "streetAddress": "10 Downing street", "addressCountry": "United Kingdom", "addressLocality": "LONDON"}]}, "getter_run": 1, "publisher": 7, "source_file": 7, "latest": [1]}}, {"model": "db.grant", "pk": 32, "fields": {"grant_id": "360G-xeg0IfiJu0", "data": {"id": "360G-xeg0IfiJu0", "title": "The ma2Nuodae8 grant", "currency": "GBP", "awardDate": "2019-10-03T00:00:00+00:00", "description": "Example grant description", "dateModified": "2019-08-03T00:00:00Z", "fromOpenCall": "Yes", "plannedDates": [{"endDate": "2017-02-15", "duration": 4, "startDate": "2016-10-03"}], "amountAwarded": 983, "grantProgramme": [{"code": "00200200220", "title": "Example grants August 2019"}], "beneficiaryLocation": [{"name": "England; Scotland; Wales", "geoCode": "K02000001", "geoCodeType": "CTRY"}], "fundingOrganization": [{"id": "GB-example-b", "name": "Funding for examples", "id_and_name": "[\"Funding for examples\", \"GB-example-b\"]"}], "recipientOrganization": [{"id": "360G-example-a", "name": "Receive an example grant", "postalCode": "SW1 1AA", "id_and_name": "[\"Receive an example grant\", \"360G-example-a\"]", "streetAddress": "10 Downing street", "addressCountry": "United Kingdom", "addressLocality": "LONDON"}]}, "getter_run": 1, "publisher": 7, "source_file": 7, "latest": [1]}}, {"model": "db.grant", "pk": 33, "fields": {"grant_id": "360G-raa5thohDu", "data": {"id": "360G-raa5thohDu", "title": "The ia2euxohKi grant", "currency": "GBP", "awardDate": "2019-10-03T00:00:00+00:00", "description": "Example grant description", "dateModified": "2019-08-03T00:00:00Z", "fromOpenCall": "Yes", "plannedDates": [{"endDate": "2017-02-15", "duration": 4, "startDate": "2016-10-03"}], "amountAwarded": 649, "grantProgramme": [{"code": "00200200220", "title": "Example grants August 2019"}], "beneficiaryLocation": [{"name": "England; Scotland; Wales", "geoCode": "K02000001", "geoCodeType": "CTRY"}], "fundingOrganization": [{"id": "GB-example-b", "name": "Funding for examples", "id_and_name": "[\"Funding for examples\", \"GB-example-b\"]"}], "recipientOrganization": [{"id": "360G-example-a", "name": "Receive an example grant", "postalCode": "SW1 1AA", "id_and_name": "[\"Receive an example grant\", \"360G-example-a\"]", "streetAddress": "10 Downing street", "addressCountry": "United Kingdom", "addressLocality": "LONDON"}]}, "getter_run": 1, "publisher": 7, "source_file": 7, "latest": [1]}}, {"model": "db.grant", "pk": 34, "fields": {"grant_id": "360G-iath3Athe1", "data": {"id": "360G-iath3Athe1", "title": "The es6leshiM3 grant", "currency": "GBP", "awardDate": "2019-10-03T00:00:00+00:00", "description": "Example grant description", "dateModified": "2019-08-03T00:00:00Z", "fromOpenCall": "Yes", "plannedDates": [{"endDate": "2017-02-15", "duration": 4, "startDate": "2016-10-03"}], "amountAwarded": 358, "grantProgramme": [{"code": "00200200220", "title": "Example grants August 2019"}], "beneficiaryLocation": [{"name": "England; Scotland; Wales", "geoCode": "K02000001", "geoCodeType": "CTRY"}], "fundingOrganization": [{"id": "GB-example-b", "name": "Funding for examples", "id_and_name": "[\"Funding for examples\", \"GB-example-b\"]"}], "recipientOrganization": [{"id": "360G-example-a", "name": "Receive an example grant", "postalCode": "SW1 1AA", "id_and_name": "[\"Receive an example grant\", \"360G-example-a\"]", "streetAddress": "10 Downing street", "addressCountry": "United Kingdom", "addressLocality": "LONDON"}]}, "getter_run": 1, "publisher": 7, "source_file": 7, "latest": [1]}}, {"model": "db.grant", "pk": 35, "fields": {"grant_id": "360G-toi4xah6Oh", "data": {"id": "360G-toi4xah6Oh", "title": "The ahquaa4Eip grant", "currency": "GBP", "awardDate": "2019-10-03T00:00:00+00:00", "description": "Example grant description", "dateModified": "2019-08-03T00:00:00Z", "fromOpenCall": "Yes", "plannedDates": [{"endDate": "2017-02-15", "duration": 4, "startDate": "2016-10-03"}], "amountAwarded": 827, "grantProgramme": [{"code": "00200200220", "title": "Example grants August 2019"}], "beneficiaryLocation": [{"name": "England; Scotland; Wales", "geoCode": "K02000001", "geoCodeType": "CTRY"}], "fundingOrganization": [{"id": "GB-example-b", "name": "Funding for examples", "id_and_name": "[\"Funding for examples\", \"GB-example-b\"]"}], "recipientOrganization": [{"id": "360G-example-a", "name": "Receive an example grant", "postalCode": "SW1 1AA", "id_and_name": "[\"Receive an example grant\", \"360G-example-a\"]", "streetAddress": "10 Downing street", "addressCountry": "United Kingdom", "addressLocality": "LONDON"}]}, "getter_run": 1, "publisher": 7, "source_file": 7, "latest": [1]}}, {"model": "db.grant", "pk": 36, "fields": {"grant_id": "360G-cheeZaik9o", "data": {"id": "360G-cheeZaik9o", "title": "The queoShoL6d grant", "currency": "GBP", "awardDate": "2019-10-03T00:00:00+00:00", "description": "Example grant description", "dateModified": "2019-08-03T00:00:00Z", "fromOpenCall": "Yes", "plannedDates": [{"endDate": "2017-02-15", "duration": 4, "startDate": "2016-10-03"}], "amountAwarded": 513, "grantProgramme": [{"code": "00200200220", "title": "Example grants August 2019"}], "beneficiaryLocation": [{"name": "England; Scotland; Wales", "geoCode": "K02000001", "geoCodeType": "CTRY"}], "fundingOrganization": [{"id": "GB-example-b", "name": "Funding for examples", "id_and_name": "[\"Funding for examples\", \"GB-example-b\"]"}], "recipientOrganization": [{"id": "360G-example-a", "name": "Receive an example grant", "postalCode": "SW1 1AA", "id_and_name": "[\"Receive an example grant\", \"360G-example-a\"]", "streetAddress": "10 Downing street", "addressCountry": "United Kingdom", "addressLocality": "LONDON"}]}, "getter_run": 1, "publisher": 8, "source_file": 8, "latest": [1]}}, {"model": "db.grant", "pk": 37, "fields": {"grant_id": "360G-engooDoo9e", "data": {"id": "360G-engooDoo9e", "title": "The chahsh3Shi grant", "currency": "GBP", "awardDate": "2019-10-03T00:00:00+00:00", "description": "Example grant description", "dateModified": "2019-08-03T00:00:00Z", "fromOpenCall": "Yes", "plannedDates": [{"endDate": "2017-02-15", "duration": 4, "startDate": "2016-10-03"}], "amountAwarded": 463, "grantProgramme": [{"code": "00200200220", "title": "Example grants August 2019"}], "beneficiaryLocation": [{"name": "England; Scotland; Wales", "geoCode": "K02000001", "geoCodeType": "CTRY"}], "fundingOrganization": [{"id": "GB-example-b", "name": "Funding for examples", "id_and_name": "[\"Funding for examples\", \"GB-example-b\"]"}], "recipientOrganization": [{"id": "360G-example-a", "name": "Receive an example grant", "postalCode": "SW1 1AA", "id_and_name": "[\"Receive an example grant\", \"360G-example-a\"]", "streetAddress": "10 Downing street", "addressCountry": "United Kingdom", "addressLocality": "LONDON"}]}, "getter_run": 1, "publisher": 8, "source_file": 8, "latest": [1]}}, {"model": "db.grant", "pk": 38, "fields": {"grant_id": "360G-Aghaeb4yie", "data": {"id": "360G-Aghaeb4yie", "title": "The fie8Yo4eex grant", "currency": "GBP", "awardDate": "2019-10-03T00:00:00+00:00", "description": "Example grant description", "dateModified": "2019-08-03T00:00:00Z", "fromOpenCall": "Yes", "plannedDates": [{"endDate": "2017-02-15", "duration": 4, "startDate": "2016-10-03"}], "amountAwarded": 74, "grantProgramme": [{"code": "00200200220", "title": "Example grants August 2019"}], "beneficiaryLocation": [{"name": "England; Scotland; Wales", "geoCode": "K02000001", "geoCodeType": "CTRY"}], "fundingOrganization": [{"id": "GB-example-b", "name": "Funding for examples", "id_and_name": "[\"Funding for examples\", \"GB-example-b\"]"}], "recipientOrganization": [{"id": "360G-example-a", "name": "Receive an example grant", "postalCode": "SW1 1AA", "id_and_name": "[\"Receive an example grant\", \"360G-example-a\"]", "streetAddress": "10 Downing street", "addressCountry": "United Kingdom", "addressLocality": "LONDON"}]}, "getter_run": 1, "publisher": 8, "source_file": 8, "latest": [1]}}, {"model": "db.grant", "pk": 39, "fields": {"grant_id": "360G-EeheeV6eif", "data": {"id": "360G-EeheeV6eif", "title": "The ie4Eequ7ha grant", "currency": "GBP", "awardDate": "2019-10-03T00:00:00+00:00", "description": "Example grant description", "dateModified": "2019-08-03T00:00:00Z", "fromOpenCall": "Yes", "plannedDates": [{"endDate": "2017-02-15", "duration": 4, "startDate": "2016-10-03"}], "amountAwarded": 435, "grantProgramme": [{"code": "00200200220", "title": "Example grants August 2019"}], "beneficiaryLocation": [{"name": "England; Scotland; Wales", "geoCode": "K02000001", "geoCodeType": "CTRY"}], "fundingOrganization": [{"id": "GB-example-b", "name": "Funding for examples", "id_and_name": "[\"Funding for examples\", \"GB-example-b\"]"}], "recipientOrganization": [{"id": "360G-example-a", "name": "Receive an example grant", "postalCode": "SW1 1AA", "id_and_name": "[\"Receive an example grant\", \"360G-example-a\"]", "streetAddress": "10 Downing street", "addressCountry": "United Kingdom", "addressLocality": "LONDON"}]}, "getter_run": 1, "publisher": 8, "source_file": 8, "latest": [1]}}, {"model": "db.grant", "pk": 40, "fields": {"grant_id": "360G-ahShahbi1o", "data": {"id": "360G-ahShahbi1o", "title": "The Tu9quiegoo grant", "currency": "GBP", "awardDate": "2019-10-03T00:00:00+00:00", "description": "Example grant description", "dateModified": "2019-08-03T00:00:00Z", "fromOpenCall": "Yes", "plannedDates": [{"endDate": "2017-02-15", "duration": 4, "startDate": "2016-10-03"}], "amountAwarded": 461, "grantProgramme": [{"code": "00200200220", "title": "Example grants August 2019"}], "beneficiaryLocation": [{"name": "England; Scotland; Wales", "geoCode": "K02000001", "geoCodeType": "CTRY"}], "fundingOrganization": [{"id": "GB-example-b", "name": "Funding for examples", "id_and_name": "[\"Funding for examples\", \"GB-example-b\"]"}], "recipientOrganization": [{"id": "360G-example-a", "name": "Receive an example grant", "postalCode": "SW1 1AA", "id_and_name": "[\"Receive an example grant\", \"360G-example-a\"]", "streetAddress": "10 Downing street", "addressCountry": "United Kingdom", "addressLocality": "LONDON"}]}, "getter_run": 1, "publisher": 8, "source_file": 8, "latest": [1]}}, {"model": "db.grant", "pk": 41, "fields": {"grant_id": "360G-Aechiehah5", "data": {"id": "360G-Aechiehah5", "title": "The OhFote9uNg grant", "currency": "GBP", "awardDate": "2019-10-03T00:00:00+00:00", "description": "Example grant description", "dateModified": "2019-08-03T00:00:00Z", "fromOpenCall": "Yes", "plannedDates": [{"endDate": "2017-02-15", "duration": 4, "startDate": "2016-10-03"}], "amountAwarded": 37, "grantProgramme": [{"code": "00200200220", "title": "Example grants August 2019"}], "beneficiaryLocation": [{"name": "England; Scotland; Wales", "geoCode": "K02000001", "geoCodeType": "CTRY"}], "fundingOrganization": [{"id": "GB-example-b", "name": "Funding for examples", "id_and_name": "[\"Funding for examples\", \"GB-example-b\"]"}], "recipientOrganization": [{"id": "360G-example-a", "name": "Receive an example grant", "postalCode": "SW1 1AA", "id_and_name": "[\"Receive an example grant\", \"360G-example-a\"]", "streetAddress": "10 Downing street", "addressCountry": "United Kingdom", "addressLocality": "LONDON"}]}, "getter_run": 1, "publisher": 9, "source_file": 9, "latest": [1]}}, {"model": "db.grant", "pk": 42, "fields": {"grant_id": "360G-cohWaxa1vi", "data": {"id": "360G-cohWaxa1vi", "title": "The thahHiew2E grant", "currency": "GBP", "awardDate": "2019-10-03T00:00:00+00:00", "description": "Example grant description", "dateModified": "2019-08-03T00:00:00Z", "fromOpenCall": "Yes", "plannedDates": [{"endDate": "2017-02-15", "duration": 4, "startDate": "2016-10-03"}], "amountAwarded": 925, "grantProgramme": [{"code": "00200200220", "title": "Example grants August 2019"}], "beneficiaryLocation": [{"name": "England; Scotland; Wales", "geoCode": "K02000001", "geoCodeType": "CTRY"}], "fundingOrganization": [{"id": "GB-example-b", "name": "Funding for examples", "id_and_name": "[\"Funding for examples\", \"GB-example-b\"]"}], "recipientOrganization": [{"id": "360G-example-a", "name": "Receive an example grant", "postalCode": "SW1 1AA", "id_and_name": "[\"Receive an example grant\", \"360G-example-a\"]", "streetAddress": "10 Downing street", "addressCountry": "United Kingdom", "addressLocality": "LONDON"}]}, "getter_run": 1, "publisher": 9, "source_file": 9, "latest": [1]}}, {"model": "db.grant", "pk": 43, "fields": {"grant_id": "360G-ohRah1Agha", "data": {"id": "360G-ohRah1Agha", "title": "The aek3zee1eJ grant", "currency": "GBP", "awardDate": "2019-10-03T00:00:00+00:00", "description": "Example grant description", "dateModified": "2019-08-03T00:00:00Z", "fromOpenCall": "Yes", "plannedDates": [{"endDate": "2017-02-15", "duration": 4, "startDate": "2016-10-03"}], "amountAwarded": 466, "grantProgramme": [{"code": "00200200220", "title": "Example grants August 2019"}], "beneficiaryLocation": [{"name": "England; Scotland; Wales", "geoCode": "K02000001", "geoCodeType": "CTRY"}], "fundingOrganization": [{"id": "GB-example-b", "name": "Funding for examples", "id_and_name": "[\"Funding for examples\", \"GB-example-b\"]"}], "recipientOrganization": [{"id": "360G-example-a", "name": "Receive an example grant", "postalCode": "SW1 1AA", "id_and_name": "[\"Receive an example grant\", \"360G-example-a\"]", "streetAddress": "10 Downing street", "addressCountry": "United Kingdom", "addressLocality": "LONDON"}]}, "getter_run": 1, "publisher": 9, "source_file": 9, "latest": [1]}}, {"model": "db.grant", "pk": 44, "fields": {"grant_id": "360G-mieKi1Aer4", "data": {"id": "360G-mieKi1Aer4", "title": "The doh1ohleZo grant", "currency": "GBP", "awardDate": "2019-10-03T00:00:00+00:00", "description": "Example grant description", "dateModified": "2019-08-03T00:00:00Z", "fromOpenCall": "Yes", "plannedDates": [{"endDate": "2017-02-15", "duration": 4, "startDate": "2016-10-03"}], "amountAwarded": 554, "grantProgramme": [{"code": "00200200220", "title": "Example grants August 2019"}], "beneficiaryLocation": [{"name": "England; Scotland; Wales", "geoCode": "K02000001", "geoCodeType": "CTRY"}], "fundingOrganization": [{"id": "GB-example-b", "name": "Funding for examples", "id_and_name": "[\"Funding for examples\", \"GB-example-b\"]"}], "recipientOrganization": [{"id": "360G-example-a", "name": "Receive an example grant", "postalCode": "SW1 1AA", "id_and_name": "[\"Receive an example grant\", \"360G-example-a\"]", "streetAddress": "10 Downing street", "addressCountry": "United Kingdom", "addressLocality": "LONDON"}]}, "getter_run": 1, "publisher": 9, "source_file": 9, "latest": [1]}}, {"model": "db.grant", "pk": 45, "fields": {"grant_id": "360G-ioqu5Avu0o", "data": {"id": "360G-ioqu5Avu0o", "title": "The ohngaec8Di grant", "currency": "GBP", "awardDate": "2019-10-03T00:00:00+00:00", "description": "Example grant description", "dateModified": "2019-08-03T00:00:00Z", "fromOpenCall": "Yes", "plannedDates": [{"endDate": "2017-02-15", "duration": 4, "startDate": "2016-10-03"}], "amountAwarded": 925, "grantProgramme": [{"code": "00200200220", "title": "Example grants August 2019"}], "beneficiaryLocation": [{"name": "England; Scotland; Wales", "geoCode": "K02000001", "geoCodeType": "CTRY"}], "fundingOrganization": [{"id": "GB-example-b", "name": "Funding for examples", "id_and_name": "[\"Funding for examples\", \"GB-example-b\"]"}], "recipientOrganization": [{"id": "360G-example-a", "name": "Receive an example grant", "postalCode": "SW1 1AA", "id_and_name": "[\"Receive an example grant\", \"360G-example-a\"]", "streetAddress": "10 Downing street", "addressCountry": "United Kingdom", "addressLocality": "LONDON"}]}, "getter_run": 1, "publisher": 9, "source_file": 9, "latest": [1]}}, {"model": "db.grant", "pk": 46, "fields": {"grant_id": "360G-Eipoh8ELoo", "data": {"id": "360G-Eipoh8ELoo", "title": "The Uyaequoor6 grant", "currency": "GBP", "awardDate": "2019-10-03T00:00:00+00:00", "description": "Example grant description", "dateModified": "2019-08-03T00:00:00Z", "fromOpenCall": "Yes", "plannedDates": [{"endDate": "2017-02-15", "duration": 4, "startDate": "2016-10-03"}], "amountAwarded": 821, "grantProgramme": [{"code": "00200200220", "title": "Example grants August 2019"}], "beneficiaryLocation": [{"name": "England; Scotland; Wales", "geoCode": "K02000001", "geoCodeType": "CTRY"}], "fundingOrganization": [{"id": "GB-example-b", "name": "Funding for examples", "id_and_name": "[\"Funding for examples\", \"GB-example-b\"]"}], "recipientOrganization": [{"id": "360G-example-a", "name": "Receive an example grant", "postalCode": "SW1 1AA", "id_and_name": "[\"Receive an example grant\", \"360G-example-a\"]", "streetAddress": "10 Downing street", "addressCountry": "United Kingdom", "addressLocality": "LONDON"}]}, "getter_run": 1, "publisher": 10, "source_file": 10, "latest": [1]}}, {"model": "db.grant", "pk": 47, "fields": {"grant_id": "360G-eicheeD2oo", "data": {"id": "360G-eicheeD2oo", "title": "The Yaec4juhai grant", "currency": "GBP", "awardDate": "2019-10-03T00:00:00+00:00", "description": "Example grant description", "dateModified": "2019-08-03T00:00:00Z", "fromOpenCall": "Yes", "plannedDates": [{"endDate": "2017-02-15", "duration": 4, "startDate": "2016-10-03"}], "amountAwarded": 196, "grantProgramme": [{"code": "00200200220", "title": "Example grants August 2019"}], "beneficiaryLocation": [{"name": "England; Scotland; Wales", "geoCode": "K02000001", "geoCodeType": "CTRY"}], "fundingOrganization": [{"id": "GB-example-b", "name": "Funding for examples", "id_and_name": "[\"Funding for examples\", \"GB-example-b\"]"}], "recipientOrganization": [{"id": "360G-example-a", "name": "Receive an example grant", "postalCode": "SW1 1AA", "id_and_name": "[\"Receive an example grant\", \"360G-example-a\"]", "streetAddress": "10 Downing street", "addressCountry": "United Kingdom", "addressLocality": "LONDON"}]}, "getter_run": 1, "publisher": 10, "source_file": 10, "latest": [1]}}, {"model": "db.grant", "pk": 48, "fields": {"grant_id": "360G-Onool8xaib", "data": {"id": "360G-Onool8xaib", "title": "The jeeC2Aik1A grant", "currency": "GBP", "awardDate": "2019-10-03T00:00:00+00:00", "description": "Example grant description", "dateModified": "2019-08-03T00:00:00Z", "fromOpenCall": "Yes", "plannedDates": [{"endDate": "2017-02-15", "duration": 4, "startDate": "2016-10-03"}], "amountAwarded": 196, "grantProgramme": [{"code": "00200200220", "title": "Example grants August 2019"}], "beneficiaryLocation": [{"name": "England; Scotland; Wales", "geoCode": "K02000001", "geoCodeType": "CTRY"}], "fundingOrganization": [{"id": "GB-example-b", "name": "Funding for examples", "id_and_name": "[\"Funding for examples\", \"GB-example-b\"]"}], "recipientOrganization": [{"id": "360G-example-a", "name": "Receive an example grant", "postalCode": "SW1 1AA", "id_and_name": "[\"Receive an example grant\", \"360G-example-a\"]", "streetAddress": "10 Downing street", "addressCountry": "United Kingdom", "addressLocality": "LONDON"}]}, "getter_run": 1, "publisher": 10, "source_file": 10, "latest": [1]}}, {"model": "db.grant", "pk": 49, "fields": {"grant_id": "360G-ieCee7YuWa", "data": {"id": "360G-ieCee7YuWa", "title": "The Dah8Louzuh grant", "currency": "GBP", "awardDate": "2019-10-03T00:00:00+00:00", "description": "Example grant description", "dateModified": "2019-08-03T00:00:00Z", "fromOpenCall": "Yes", "plannedDates": [{"endDate": "2017-02-15", "duration": 4, "startDate": "2016-10-03"}], "amountAwarded": 978, "grantProgramme": [{"code": "00200200220", "title": "Example grants August 2019"}], "beneficiaryLocation": [{"name": "England; Scotland; Wales", "geoCode": "K02000001", "geoCodeType": "CTRY"}], "fundingOrganization": [{"id": "GB-example-b", "name": "Funding for examples", "id_and_name": "[\"Funding for examples\", \"GB-example-b\"]"}], "recipientOrganization": [{"id": "360G-example-a", "name": "Receive an example grant", "postalCode": "SW1 1AA", "id_and_name": "[\"Receive an example grant\", \"360G-example-a\"]", "streetAddress": "10 Downing street", "addressCountry": "United Kingdom", "addressLocality": "LONDON"}]}, "getter_run": 1, "publisher": 10, "source_file": 10, "latest": [1]}}, {"model": "db.grant", "pk": 50, "fields": {"grant_id": "360G-quiBoh7ceF", "data": {"id": "360G-quiBoh7ceF", "title": "The Toh2Goh0el grant", "currency": "GBP", "awardDate": "2019-10-03T00:00:00+00:00", "description": "Example grant description", "dateModified": "2019-08-03T00:00:00Z", "fromOpenCall": "Yes", "plannedDates": [{"endDate": "2017-02-15", "duration": 4, "startDate": "2016-10-03"}], "amountAwarded": 933, "grantProgramme": [{"code": "00200200220", "title": "Example grants August 2019"}], "beneficiaryLocation": [{"name": "England; Scotland; Wales", "geoCode": "K02000001", "geoCodeType": "CTRY"}], "fundingOrganization": [{"id": "GB-example-b", "name": "Funding for examples", "id_and_name": "[\"Funding for examples\", \"GB-example-b\"]"}], "recipientOrganization": [{"id": "360G-example-a", "name": "Receive an example grant", "postalCode": "SW1 1AA", "id_and_name": "[\"Receive an example grant\", \"360G-example-a\"]", "streetAddress": "10 Downing street", "addressCountry": "United Kingdom", "addressLocality": "LONDON"}]}, "getter_run": 1, "publisher": 10, "source_file": 10, "latest": [1]}}]